{
    "linear": {
        "train_acc": 0.9472361809045227,
        "test_acc": 0.9415204678362573,
        "dual_svm_time": 3.1087613105773926,
        "sklearn_time": 0.002001047134399414
    },
    "rbf": {
        "train_acc": 0.949748743718593,
        "test_acc": 0.9415204678362573,
        "dual_svm_time": 3.0593903064727783,
        "sklearn_time": 0.0
    },
    "poly": {
        "train_acc": 0.9472361809045227,
        "test_acc": 0.9415204678362573,
        "dual_svm_time": 2.5446884632110596,
        "sklearn_time": 0.0009999275207519531
    }
}