{
    "linear": {
        "train_acc": 0.9472361809045227,
        "test_acc": 0.9415204678362573,
        "dual_svm_time": 3.238840341567993,
        "sklearn_time": 0.002511739730834961
    },
    "rbf": {
        "train_acc": 0.949748743718593,
        "test_acc": 0.9415204678362573,
        "dual_svm_time": 2.9967079162597656,
        "sklearn_time": 0.0020227432250976562
    },
    "poly": {
        "train_acc": 0.9472361809045227,
        "test_acc": 0.9415204678362573,
        "dual_svm_time": 2.5365662574768066,
        "sklearn_time": 0.002005338668823242
    }
}